Region_Code,Region_Name,Year,Model,Forecast_Births
01,Stockholms län,2024,exp_smoothing,25085.451469734628
01,Stockholms län,2025,exp_smoothing,24539.736257402095
01,Stockholms län,2026,exp_smoothing,24103.16408753607
01,Stockholms län,2027,exp_smoothing,23753.90635164325
01,Stockholms län,2028,exp_smoothing,23474.500162928995
01,Stockholms län,2029,exp_smoothing,23250.97521195759
01,Stockholms län,2030,exp_smoothing,23072.155251180466
03,Uppsala län,2024,exp_smoothing,3729.7884385073394
03,Uppsala län,2025,exp_smoothing,3653.706283858168
03,Uppsala län,2026,exp_smoothing,3592.8405601388304
03,Uppsala län,2027,exp_smoothing,3544.1479811633603
03,Uppsala län,2028,exp_smoothing,3505.193917982984
03,Uppsala län,2029,exp_smoothing,3474.0306674386834
03,Uppsala län,2030,exp_smoothing,3449.1000670032427
04,Södermanlands län,2024,exp_smoothing,2343.1949349598976
04,Södermanlands län,2025,exp_smoothing,2196.950879692875
04,Södermanlands län,2026,exp_smoothing,2079.9556354792567
04,Södermanlands län,2027,exp_smoothing,1986.359440108362
04,Södermanlands län,2028,exp_smoothing,1911.482483811646
04,Södermanlands län,2029,exp_smoothing,1851.5809187742734
04,Södermanlands län,2030,exp_smoothing,1803.6596667443755
05,Östergötlands län,2024,exp_smoothing,4116.5073344544535
05,Östergötlands län,2025,exp_smoothing,3935.701070900972
05,Östergötlands län,2026,exp_smoothing,3791.0560600581866
05,Östergötlands län,2027,exp_smoothing,3675.340051383959
05,Östergötlands län,2028,exp_smoothing,3582.767244444576
05,Östergötlands län,2029,exp_smoothing,3508.70899889307
05,Östergötlands län,2030,exp_smoothing,3449.4624024518653
06,Jönköpings län,2024,exp_smoothing,3432.852426873254
06,Jönköpings län,2025,exp_smoothing,3307.0065477683643
06,Jönköpings län,2026,exp_smoothing,3206.329844484452
06,Jönköpings län,2027,exp_smoothing,3125.788481857323
06,Jönköpings län,2028,exp_smoothing,3061.355391755619
06,Jönköpings län,2029,exp_smoothing,3009.8089196742567
06,Jönköpings län,2030,exp_smoothing,2968.5717420091664
07,Kronobergs län,2024,drift,1955.7209090909091
07,Kronobergs län,2025,drift,1949.5336818181818
07,Kronobergs län,2026,drift,1944.2745386363636
07,Kronobergs län,2027,drift,1939.8042669318181
07,Kronobergs län,2028,drift,1936.0045359829546
07,Kronobergs län,2029,drift,1932.7747646764205
07,Kronobergs län,2030,drift,1930.0294590658664
08,Kalmar län,2024,drift,2091.4327272727273
08,Kalmar län,2025,drift,2077.3505454545457
08,Kalmar län,2026,drift,2065.380690909091
08,Kalmar län,2027,drift,2055.2063145454545
08,Kalmar län,2028,drift,2046.5580946363636
08,Kalmar län,2029,drift,2039.2071077136363
08,Kalmar län,2030,drift,2032.9587688293182
09,Gotlands län,2024,exp_smoothing,453.80887269189407
09,Gotlands län,2025,exp_smoothing,449.5878222106961
09,Gotlands län,2026,exp_smoothing,445.38787698190424
09,Gotlands län,2027,exp_smoothing,441.20893147925625
09,Gotlands län,2028,exp_smoothing,437.05088070412154
09,Gotlands län,2029,exp_smoothing,432.9136201828625
09,Gotlands län,2030,exp_smoothing,428.79704596420976
10,Blekinge län,2024,drift,1287.2918181818181
10,Blekinge län,2025,drift,1275.6398636363635
10,Blekinge län,2026,drift,1265.7357022727272
10,Blekinge län,2027,drift,1257.3171651136363
10,Blekinge län,2028,drift,1250.161408528409
10,Blekinge län,2029,drift,1244.079015430966
10,Blekinge län,2030,drift,1238.9089812981392
12,Skåne län,2024,exp_smoothing,13311.595317651747
12,Skåne län,2025,exp_smoothing,12855.337614138629
12,Skåne län,2026,exp_smoothing,12490.331451328137
12,Skåne län,2027,exp_smoothing,12198.326521079742
12,Skåne län,2028,exp_smoothing,11964.722576881026
12,Skåne län,2029,exp_smoothing,11777.839421522052
12,Skåne län,2030,exp_smoothing,11628.332897234874
13,Hallands län,2024,exp_smoothing,2967.03068629908
13,Hallands län,2025,exp_smoothing,2892.655233199605
13,Hallands län,2026,exp_smoothing,2833.154870720025
13,Hallands län,2027,exp_smoothing,2785.554580736361
13,Hallands län,2028,exp_smoothing,2747.4743487494297
13,Hallands län,2029,exp_smoothing,2717.0101631598845
13,Hallands län,2030,exp_smoothing,2692.6388146882487
14,Västra Götalands län,2024,exp_smoothing,16732.096559542773
14,Västra Götalands län,2025,exp_smoothing,16144.272359431023
14,Västra Götalands län,2026,exp_smoothing,15674.01299934162
14,Västra Götalands län,2027,exp_smoothing,15297.805511270099
14,Västra Götalands län,2028,exp_smoothing,14996.839520812882
14,Västra Götalands län,2029,exp_smoothing,14756.066728447107
14,Västra Götalands län,2030,exp_smoothing,14563.44849455449
17,Värmlands län,2024,exp_smoothing,2156.120918920621
17,Värmlands län,2025,exp_smoothing,2031.5417857116581
17,Värmlands län,2026,exp_smoothing,1931.878479144488
17,Värmlands län,2027,exp_smoothing,1852.1478338907518
17,Värmlands län,2028,exp_smoothing,1788.363317687763
17,Värmlands län,2029,exp_smoothing,1737.3357047253717
17,Värmlands län,2030,exp_smoothing,1696.5136143554587
18,Örebro län,2024,drift,2798.6272727272726
18,Örebro län,2025,drift,2786.4104545454547
18,Örebro län,2026,drift,2776.026159090909
18,Örebro län,2027,drift,2767.1995079545454
18,Örebro län,2028,drift,2759.6968544886363
18,Örebro län,2029,drift,2753.319599042614
18,Örebro län,2030,drift,2747.8989319134944
19,Västmanlands län,2024,drift,2544.2
19,Västmanlands län,2025,drift,2523.97
19,Västmanlands län,2026,drift,2506.7745
19,Västmanlands län,2027,drift,2492.158325
19,Västmanlands län,2028,drift,2479.73457625
19,Västmanlands län,2029,drift,2469.1743898125
19,Västmanlands län,2030,drift,2460.198231340625
20,Dalarnas län,2024,exp_smoothing,2349.5867492711964
20,Dalarnas län,2025,exp_smoothing,2277.256148228949
20,Dalarnas län,2026,exp_smoothing,2219.391667395151
20,Dalarnas län,2027,exp_smoothing,2173.1000827281127
20,Dalarnas län,2028,exp_smoothing,2136.0668149944822
20,Dalarnas län,2029,exp_smoothing,2106.4402008075776
20,Dalarnas län,2030,exp_smoothing,2082.738909458054
21,Gävleborgs län,2024,drift,2257.2618181818184
21,Gävleborgs län,2025,drift,2237.084363636364
21,Gävleborgs län,2026,drift,2219.933527272727
21,Gävleborgs län,2027,drift,2205.3553163636366
21,Gävleborgs län,2028,drift,2192.9638370909092
21,Gävleborgs län,2029,drift,2182.431079709091
21,Gävleborgs län,2030,drift,2173.4782359345454
22,Västernorrlands län,2024,drift,1923.7781818181818
22,Västernorrlands län,2025,drift,1902.3396363636364
22,Västernorrlands län,2026,drift,1884.1168727272727
22,Västernorrlands län,2027,drift,1868.6275236363635
22,Västernorrlands län,2028,drift,1855.4615769090908
22,Västernorrlands län,2029,drift,1844.270522190909
22,Västernorrlands län,2030,drift,1834.7581256804547
23,Jämtlands län,2024,exp_smoothing,1151.3865118287554
23,Jämtlands län,2025,exp_smoothing,1144.8060910189956
23,Jämtlands län,2026,exp_smoothing,1138.258572313285
23,Jämtlands län,2027,exp_smoothing,1131.7437912011026
23,Jämtlands län,2028,exp_smoothing,1125.261583994481
23,Jämtlands län,2029,exp_smoothing,1118.8117878238927
23,Jämtlands län,2030,exp_smoothing,1112.3942406341573
24,Västerbottens län,2024,exp_smoothing,2368.545057458846
24,Västerbottens län,2025,exp_smoothing,2353.1673863912565
24,Västerbottens län,2026,exp_smoothing,2337.8666036790046
24,Västerbottens län,2027,exp_smoothing,2322.6423248803144
24,Västerbottens län,2028,exp_smoothing,2307.494167475618
24,Västerbottens län,2029,exp_smoothing,2292.4217508579445
24,Västerbottens län,2030,exp_smoothing,2277.4246963233595
25,Norrbottens län,2024,drift,2002.7245454545455
25,Norrbottens län,2025,drift,1976.990409090909
25,Norrbottens län,2026,drift,1955.1163931818182
25,Norrbottens län,2027,drift,1936.523479659091
25,Norrbottens län,2028,drift,1920.7195031647727
25,Norrbottens län,2029,drift,1907.2861231446022
25,Norrbottens län,2030,drift,1895.8677501274574
